"id","status","creative type","creative title","creative description","creative tag","width","height","visible to publishers","link text","destination url","alt text","image source"
"","1","3","soco solum se 1of2","SOLUM men's body care. Product and lifestyle photography.","SOLUM Shoot","1280","1600","","","https://bysolum.co.uk/buy","SOLUM men's body care ritual kit","https://d2ni3owln6t6zz.cloudfront.net/creatives/soco-solum-se-1of2.jpg"
"","1","3","soco solum se 2of2","SOLUM men's body care. Product and lifestyle photography.","SOLUM Shoot","1280","1600","","","https://bysolum.co.uk/buy","SOLUM men's body care ritual kit","https://d2ni3owln6t6zz.cloudfront.net/creatives/soco-solum-se-2of2.jpg"
"","1","3","soco solum se","SOLUM men's body care. Product and lifestyle photography.","SOLUM Shoot","1280","1600","","","https://bysolum.co.uk/buy","SOLUM men's body care ritual kit","https://d2ni3owln6t6zz.cloudfront.net/creatives/soco-solum-se.jpg"
"","1","3","SOLUM Outer Box 10","SOLUM men's body care. Product and lifestyle photography.","SOLUM Shoot","1280","1600","","","https://bysolum.co.uk/buy","SOLUM men's body care ritual kit","https://d2ni3owln6t6zz.cloudfront.net/creatives/solum-outerbox-10.jpg"
"","1","3","SOLUM Outer Box 11","SOLUM men's body care. Product and lifestyle photography.","SOLUM Shoot","1280","1600","","","https://bysolum.co.uk/buy","SOLUM men's body care ritual kit","https://d2ni3owln6t6zz.cloudfront.net/creatives/solum-outerbox-11.jpg"
"","1","3","SOLUM Outer Box 12","SOLUM men's body care. Product and lifestyle photography.","SOLUM Shoot","1280","1600","","","https://bysolum.co.uk/buy","SOLUM men's body care ritual kit","https://d2ni3owln6t6zz.cloudfront.net/creatives/solum-outerbox-12.jpg"
"","1","3","SOLUM Outer Box 13","SOLUM men's body care. Product and lifestyle photography.","SOLUM Shoot","1280","1600","","","https://bysolum.co.uk/buy","SOLUM men's body care ritual kit","https://d2ni3owln6t6zz.cloudfront.net/creatives/solum-outerbox-13.jpg"
"","1","3","SOLUM Outer Box 14","SOLUM men's body care. Product and lifestyle photography.","SOLUM Shoot","1280","1600","","","https://bysolum.co.uk/buy","SOLUM men's body care ritual kit","https://d2ni3owln6t6zz.cloudfront.net/creatives/solum-outerbox-14.jpg"
"","1","3","SOLUM Outer Box 15","SOLUM men's body care. Product and lifestyle photography.","SOLUM Shoot","1280","1600","","","https://bysolum.co.uk/buy","SOLUM men's body care ritual kit","https://d2ni3owln6t6zz.cloudfront.net/creatives/solum-outerbox-15.jpg"
"","1","3","SOLUM Outer Box 16","SOLUM men's body care. Product and lifestyle photography.","SOLUM Shoot","1280","1600","","","https://bysolum.co.uk/buy","SOLUM men's body care ritual kit","https://d2ni3owln6t6zz.cloudfront.net/creatives/solum-outerbox-16.jpg"
"","1","3","SOLUM Outer Box 17","SOLUM men's body care. Product and lifestyle photography.","SOLUM Shoot","1280","1600","","","https://bysolum.co.uk/buy","SOLUM men's body care ritual kit","https://d2ni3owln6t6zz.cloudfront.net/creatives/solum-outerbox-17.jpg"
"","1","3","SOLUM Outer Box 18","SOLUM men's body care. Product and lifestyle photography.","SOLUM Shoot","1067","1600","","","https://bysolum.co.uk/buy","SOLUM men's body care ritual kit","https://d2ni3owln6t6zz.cloudfront.net/creatives/solum-outerbox-18.jpg"
"","1","3","SOLUM Outer Box 19","SOLUM men's body care. Product and lifestyle photography.","SOLUM Shoot","1280","1600","","","https://bysolum.co.uk/buy","SOLUM men's body care ritual kit","https://d2ni3owln6t6zz.cloudfront.net/creatives/solum-outerbox-19.jpg"
"","1","3","SOLUM Outer Box 2","SOLUM men's body care. Product and lifestyle photography.","SOLUM Shoot","1280","1600","","","https://bysolum.co.uk/buy","SOLUM men's body care ritual kit","https://d2ni3owln6t6zz.cloudfront.net/creatives/solum-outerbox-2.jpg"
"","1","3","SOLUM Outer Box 20","SOLUM men's body care. Product and lifestyle photography.","SOLUM Shoot","1280","1600","","","https://bysolum.co.uk/buy","SOLUM men's body care ritual kit","https://d2ni3owln6t6zz.cloudfront.net/creatives/solum-outerbox-20.jpg"
"","1","3","SOLUM Outer Box 21","SOLUM men's body care. Product and lifestyle photography.","SOLUM Shoot","1280","1600","","","https://bysolum.co.uk/buy","SOLUM men's body care ritual kit","https://d2ni3owln6t6zz.cloudfront.net/creatives/solum-outerbox-21.jpg"
"","1","3","SOLUM Outer Box 22","SOLUM men's body care. Product and lifestyle photography.","SOLUM Shoot","1280","1600","","","https://bysolum.co.uk/buy","SOLUM men's body care ritual kit","https://d2ni3owln6t6zz.cloudfront.net/creatives/solum-outerbox-22.jpg"
"","1","3","SOLUM Outer Box 23","SOLUM men's body care. Product and lifestyle photography.","SOLUM Shoot","1280","1600","","","https://bysolum.co.uk/buy","SOLUM men's body care ritual kit","https://d2ni3owln6t6zz.cloudfront.net/creatives/solum-outerbox-23.jpg"
"","1","3","SOLUM Outer Box 24","SOLUM men's body care. Product and lifestyle photography.","SOLUM Shoot","1280","1600","","","https://bysolum.co.uk/buy","SOLUM men's body care ritual kit","https://d2ni3owln6t6zz.cloudfront.net/creatives/solum-outerbox-24.jpg"
"","1","3","SOLUM Outer Box 25","SOLUM men's body care. Product and lifestyle photography.","SOLUM Shoot","1280","1600","","","https://bysolum.co.uk/buy","SOLUM men's body care ritual kit","https://d2ni3owln6t6zz.cloudfront.net/creatives/solum-outerbox-25.jpg"
"","1","3","SOLUM Outer Box 26","SOLUM men's body care. Product and lifestyle photography.","SOLUM Shoot","1280","1600","","","https://bysolum.co.uk/buy","SOLUM men's body care ritual kit","https://d2ni3owln6t6zz.cloudfront.net/creatives/solum-outerbox-26.jpg"
"","1","3","SOLUM Outer Box 27","SOLUM men's body care. Product and lifestyle photography.","SOLUM Shoot","1280","1600","","","https://bysolum.co.uk/buy","SOLUM men's body care ritual kit","https://d2ni3owln6t6zz.cloudfront.net/creatives/solum-outerbox-27.jpg"
"","1","3","SOLUM Outer Box 28","SOLUM men's body care. Product and lifestyle photography.","SOLUM Shoot","1280","1600","","","https://bysolum.co.uk/buy","SOLUM men's body care ritual kit","https://d2ni3owln6t6zz.cloudfront.net/creatives/solum-outerbox-28.jpg"
"","1","3","SOLUM Outer Box 29","SOLUM men's body care. Product and lifestyle photography.","SOLUM Shoot","1600","1067","","","https://bysolum.co.uk/buy","SOLUM men's body care ritual kit","https://d2ni3owln6t6zz.cloudfront.net/creatives/solum-outerbox-29.jpg"
"","1","3","SOLUM Outer Box 3","SOLUM men's body care. Product and lifestyle photography.","SOLUM Shoot","1280","1600","","","https://bysolum.co.uk/buy","SOLUM men's body care ritual kit","https://d2ni3owln6t6zz.cloudfront.net/creatives/solum-outerbox-3.jpg"
"","1","3","SOLUM Outer Box 30","SOLUM men's body care. Product and lifestyle photography.","SOLUM Shoot","1280","1600","","","https://bysolum.co.uk/buy","SOLUM men's body care ritual kit","https://d2ni3owln6t6zz.cloudfront.net/creatives/solum-outerbox-30.jpg"
"","1","3","SOLUM Outer Box 4","SOLUM men's body care. Product and lifestyle photography.","SOLUM Shoot","1600","1067","","","https://bysolum.co.uk/buy","SOLUM men's body care ritual kit","https://d2ni3owln6t6zz.cloudfront.net/creatives/solum-outerbox-4.jpg"
"","1","3","SOLUM Outer Box 5","SOLUM men's body care. Product and lifestyle photography.","SOLUM Shoot","1280","1600","","","https://bysolum.co.uk/buy","SOLUM men's body care ritual kit","https://d2ni3owln6t6zz.cloudfront.net/creatives/solum-outerbox-5.jpg"
"","1","3","SOLUM Outer Box 6","SOLUM men's body care. Product and lifestyle photography.","SOLUM Shoot","1280","1600","","","https://bysolum.co.uk/buy","SOLUM men's body care ritual kit","https://d2ni3owln6t6zz.cloudfront.net/creatives/solum-outerbox-6.jpg"
"","1","3","SOLUM Outer Box 7","SOLUM men's body care. Product and lifestyle photography.","SOLUM Shoot","1280","1600","","","https://bysolum.co.uk/buy","SOLUM men's body care ritual kit","https://d2ni3owln6t6zz.cloudfront.net/creatives/solum-outerbox-7.jpg"
"","1","3","SOLUM Outer Box 8","SOLUM men's body care. Product and lifestyle photography.","SOLUM Shoot","1280","1600","","","https://bysolum.co.uk/buy","SOLUM men's body care ritual kit","https://d2ni3owln6t6zz.cloudfront.net/creatives/solum-outerbox-8.jpg"
"","1","3","SOLUM Outer Box 9","SOLUM men's body care. Product and lifestyle photography.","SOLUM Shoot","1600","1067","","","https://bysolum.co.uk/buy","SOLUM men's body care ritual kit","https://d2ni3owln6t6zz.cloudfront.net/creatives/solum-outerbox-9.jpg"
"","1","3","SOLUM Outer Box","SOLUM men's body care. Product and lifestyle photography.","SOLUM Shoot","1280","1600","","","https://bysolum.co.uk/buy","SOLUM men's body care ritual kit","https://d2ni3owln6t6zz.cloudfront.net/creatives/solum-outerbox.jpg"
"","1","3","SOLUM Shoot 002","SOLUM men's body care. Product and lifestyle photography.","SOLUM Shoot","1600","1067","","","https://bysolum.co.uk/buy","SOLUM men's body care ritual kit","https://d2ni3owln6t6zz.cloudfront.net/creatives/solum-shoot-002.jpg"
"","1","3","SOLUM Shoot 003","SOLUM men's body care. Product and lifestyle photography.","SOLUM Shoot","1280","1600","","","https://bysolum.co.uk/buy","SOLUM men's body care ritual kit","https://d2ni3owln6t6zz.cloudfront.net/creatives/solum-shoot-003.jpg"
"","1","3","SOLUM Shoot 004","SOLUM men's body care. Product and lifestyle photography.","SOLUM Shoot","1280","1600","","","https://bysolum.co.uk/buy","SOLUM men's body care ritual kit","https://d2ni3owln6t6zz.cloudfront.net/creatives/solum-shoot-004.jpg"
"","1","3","SOLUM Shoot 005","SOLUM men's body care. Product and lifestyle photography.","SOLUM Shoot","1600","1067","","","https://bysolum.co.uk/buy","SOLUM men's body care ritual kit","https://d2ni3owln6t6zz.cloudfront.net/creatives/solum-shoot-005.jpg"
"","1","3","SOLUM Shoot 006","SOLUM men's body care. Product and lifestyle photography.","SOLUM Shoot","1280","1600","","","https://bysolum.co.uk/buy","SOLUM men's body care ritual kit","https://d2ni3owln6t6zz.cloudfront.net/creatives/solum-shoot-006.jpg"
"","1","3","SOLUM Shoot 007","SOLUM men's body care. Product and lifestyle photography.","SOLUM Shoot","1280","1600","","","https://bysolum.co.uk/buy","SOLUM men's body care ritual kit","https://d2ni3owln6t6zz.cloudfront.net/creatives/solum-shoot-007.jpg"
"","1","3","SOLUM Shoot 008","SOLUM men's body care. Product and lifestyle photography.","SOLUM Shoot","1280","1600","","","https://bysolum.co.uk/buy","SOLUM men's body care ritual kit","https://d2ni3owln6t6zz.cloudfront.net/creatives/solum-shoot-008.jpg"
"","1","3","SOLUM Shoot 009","SOLUM men's body care. Product and lifestyle photography.","SOLUM Shoot","1280","1600","","","https://bysolum.co.uk/buy","SOLUM men's body care ritual kit","https://d2ni3owln6t6zz.cloudfront.net/creatives/solum-shoot-009.jpg"
"","1","3","SOLUM Shoot 010","SOLUM men's body care. Product and lifestyle photography.","SOLUM Shoot","1280","1600","","","https://bysolum.co.uk/buy","SOLUM men's body care ritual kit","https://d2ni3owln6t6zz.cloudfront.net/creatives/solum-shoot-010.jpg"
"","1","3","SOLUM Shoot 011","SOLUM men's body care. Product and lifestyle photography.","SOLUM Shoot","1067","1600","","","https://bysolum.co.uk/buy","SOLUM men's body care ritual kit","https://d2ni3owln6t6zz.cloudfront.net/creatives/solum-shoot-011.jpg"
"","1","3","SOLUM Shoot 012","SOLUM men's body care. Product and lifestyle photography.","SOLUM Shoot","1280","1600","","","https://bysolum.co.uk/buy","SOLUM men's body care ritual kit","https://d2ni3owln6t6zz.cloudfront.net/creatives/solum-shoot-012.jpg"
"","1","3","SOLUM Shoot 013","SOLUM men's body care. Product and lifestyle photography.","SOLUM Shoot","1280","1600","","","https://bysolum.co.uk/buy","SOLUM men's body care ritual kit","https://d2ni3owln6t6zz.cloudfront.net/creatives/solum-shoot-013.jpg"
"","1","3","SOLUM Shoot 014","SOLUM men's body care. Product and lifestyle photography.","SOLUM Shoot","1280","1600","","","https://bysolum.co.uk/buy","SOLUM men's body care ritual kit","https://d2ni3owln6t6zz.cloudfront.net/creatives/solum-shoot-014.jpg"
"","1","3","SOLUM Shoot 015","SOLUM men's body care. Product and lifestyle photography.","SOLUM Shoot","1600","1067","","","https://bysolum.co.uk/buy","SOLUM men's body care ritual kit","https://d2ni3owln6t6zz.cloudfront.net/creatives/solum-shoot-015.jpg"
"","1","3","SOLUM Shoot 016","SOLUM men's body care. Product and lifestyle photography.","SOLUM Shoot","1280","1600","","","https://bysolum.co.uk/buy","SOLUM men's body care ritual kit","https://d2ni3owln6t6zz.cloudfront.net/creatives/solum-shoot-016.jpg"
"","1","3","SOLUM Shoot 017","SOLUM men's body care. Product and lifestyle photography.","SOLUM Shoot","1280","1600","","","https://bysolum.co.uk/buy","SOLUM men's body care ritual kit","https://d2ni3owln6t6zz.cloudfront.net/creatives/solum-shoot-017.jpg"
"","1","3","SOLUM Shoot 018","SOLUM men's body care. Product and lifestyle photography.","SOLUM Shoot","1280","1600","","","https://bysolum.co.uk/buy","SOLUM men's body care ritual kit","https://d2ni3owln6t6zz.cloudfront.net/creatives/solum-shoot-018.jpg"
"","1","3","SOLUM Shoot 019","SOLUM men's body care. Product and lifestyle photography.","SOLUM Shoot","1600","1067","","","https://bysolum.co.uk/buy","SOLUM men's body care ritual kit","https://d2ni3owln6t6zz.cloudfront.net/creatives/solum-shoot-019.jpg"
"","1","3","SOLUM Shoot 020","SOLUM men's body care. Product and lifestyle photography.","SOLUM Shoot","1280","1600","","","https://bysolum.co.uk/buy","SOLUM men's body care ritual kit","https://d2ni3owln6t6zz.cloudfront.net/creatives/solum-shoot-020.jpg"
"","1","3","SOLUM Shoot 021","SOLUM men's body care. Product and lifestyle photography.","SOLUM Shoot","1600","1067","","","https://bysolum.co.uk/buy","SOLUM men's body care ritual kit","https://d2ni3owln6t6zz.cloudfront.net/creatives/solum-shoot-021.jpg"
"","1","3","SOLUM Shoot 022","SOLUM men's body care. Product and lifestyle photography.","SOLUM Shoot","1280","1600","","","https://bysolum.co.uk/buy","SOLUM men's body care ritual kit","https://d2ni3owln6t6zz.cloudfront.net/creatives/solum-shoot-022.jpg"
"","1","3","SOLUM Shoot 023","SOLUM men's body care. Product and lifestyle photography.","SOLUM Shoot","1600","1067","","","https://bysolum.co.uk/buy","SOLUM men's body care ritual kit","https://d2ni3owln6t6zz.cloudfront.net/creatives/solum-shoot-023.jpg"
"","1","3","SOLUM Shoot 024","SOLUM men's body care. Product and lifestyle photography.","SOLUM Shoot","1280","1600","","","https://bysolum.co.uk/buy","SOLUM men's body care ritual kit","https://d2ni3owln6t6zz.cloudfront.net/creatives/solum-shoot-024.jpg"
"","1","3","SOLUM Shoot 025","SOLUM men's body care. Product and lifestyle photography.","SOLUM Shoot","1600","1067","","","https://bysolum.co.uk/buy","SOLUM men's body care ritual kit","https://d2ni3owln6t6zz.cloudfront.net/creatives/solum-shoot-025.jpg"
"","1","3","SOLUM Shoot 026","SOLUM men's body care. Product and lifestyle photography.","SOLUM Shoot","1280","1600","","","https://bysolum.co.uk/buy","SOLUM men's body care ritual kit","https://d2ni3owln6t6zz.cloudfront.net/creatives/solum-shoot-026.jpg"
"","1","3","SOLUM Shoot 027","SOLUM men's body care. Product and lifestyle photography.","SOLUM Shoot","1600","1067","","","https://bysolum.co.uk/buy","SOLUM men's body care ritual kit","https://d2ni3owln6t6zz.cloudfront.net/creatives/solum-shoot-027.jpg"
"","1","3","SOLUM Shoot 028","SOLUM men's body care. Product and lifestyle photography.","SOLUM Shoot","1280","1600","","","https://bysolum.co.uk/buy","SOLUM men's body care ritual kit","https://d2ni3owln6t6zz.cloudfront.net/creatives/solum-shoot-028.jpg"
"","1","3","SOLUM Shoot 029","SOLUM men's body care. Product and lifestyle photography.","SOLUM Shoot","1280","1600","","","https://bysolum.co.uk/buy","SOLUM men's body care ritual kit","https://d2ni3owln6t6zz.cloudfront.net/creatives/solum-shoot-029.jpg"
"","1","3","SOLUM Shoot 030","SOLUM men's body care. Product and lifestyle photography.","SOLUM Shoot","1280","1600","","","https://bysolum.co.uk/buy","SOLUM men's body care ritual kit","https://d2ni3owln6t6zz.cloudfront.net/creatives/solum-shoot-030.jpg"
"","1","3","SOLUM Shoot 031","SOLUM men's body care. Product and lifestyle photography.","SOLUM Shoot","1280","1600","","","https://bysolum.co.uk/buy","SOLUM men's body care ritual kit","https://d2ni3owln6t6zz.cloudfront.net/creatives/solum-shoot-031.jpg"
"","1","3","SOLUM Shoot 032","SOLUM men's body care. Product and lifestyle photography.","SOLUM Shoot","1067","1600","","","https://bysolum.co.uk/buy","SOLUM men's body care ritual kit","https://d2ni3owln6t6zz.cloudfront.net/creatives/solum-shoot-032.jpg"
"","1","3","SOLUM Shoot 033","SOLUM men's body care. Product and lifestyle photography.","SOLUM Shoot","1280","1600","","","https://bysolum.co.uk/buy","SOLUM men's body care ritual kit","https://d2ni3owln6t6zz.cloudfront.net/creatives/solum-shoot-033.jpg"
"","1","3","SOLUM Shoot 034","SOLUM men's body care. Product and lifestyle photography.","SOLUM Shoot","1600","1067","","","https://bysolum.co.uk/buy","SOLUM men's body care ritual kit","https://d2ni3owln6t6zz.cloudfront.net/creatives/solum-shoot-034.jpg"
"","1","3","SOLUM Shoot 035","SOLUM men's body care. Product and lifestyle photography.","SOLUM Shoot","1280","1600","","","https://bysolum.co.uk/buy","SOLUM men's body care ritual kit","https://d2ni3owln6t6zz.cloudfront.net/creatives/solum-shoot-035.jpg"
"","1","3","SOLUM Shoot 036","SOLUM men's body care. Product and lifestyle photography.","SOLUM Shoot","1280","1600","","","https://bysolum.co.uk/buy","SOLUM men's body care ritual kit","https://d2ni3owln6t6zz.cloudfront.net/creatives/solum-shoot-036.jpg"
"","1","3","SOLUM Shoot 037","SOLUM men's body care. Product and lifestyle photography.","SOLUM Shoot","1280","1600","","","https://bysolum.co.uk/buy","SOLUM men's body care ritual kit","https://d2ni3owln6t6zz.cloudfront.net/creatives/solum-shoot-037.jpg"
"","1","3","SOLUM Shoot 039","SOLUM men's body care. Product and lifestyle photography.","SOLUM Shoot","1280","1600","","","https://bysolum.co.uk/buy","SOLUM men's body care ritual kit","https://d2ni3owln6t6zz.cloudfront.net/creatives/solum-shoot-039.jpg"
"","1","3","SOLUM Shoot 040","SOLUM men's body care. Product and lifestyle photography.","SOLUM Shoot","1067","1600","","","https://bysolum.co.uk/buy","SOLUM men's body care ritual kit","https://d2ni3owln6t6zz.cloudfront.net/creatives/solum-shoot-040.jpg"
"","1","3","SOLUM Shoot 041","SOLUM men's body care. Product and lifestyle photography.","SOLUM Shoot","1280","1600","","","https://bysolum.co.uk/buy","SOLUM men's body care ritual kit","https://d2ni3owln6t6zz.cloudfront.net/creatives/solum-shoot-041.jpg"
"","1","3","SOLUM Shoot 042","SOLUM men's body care. Product and lifestyle photography.","SOLUM Shoot","1600","1067","","","https://bysolum.co.uk/buy","SOLUM men's body care ritual kit","https://d2ni3owln6t6zz.cloudfront.net/creatives/solum-shoot-042.jpg"
"","1","3","SOLUM Shoot 043","SOLUM men's body care. Product and lifestyle photography.","SOLUM Shoot","1280","1600","","","https://bysolum.co.uk/buy","SOLUM men's body care ritual kit","https://d2ni3owln6t6zz.cloudfront.net/creatives/solum-shoot-043.jpg"
"","1","3","SOLUM Shoot 044","SOLUM men's body care. Product and lifestyle photography.","SOLUM Shoot","1280","1600","","","https://bysolum.co.uk/buy","SOLUM men's body care ritual kit","https://d2ni3owln6t6zz.cloudfront.net/creatives/solum-shoot-044.jpg"
"","1","3","SOLUM Shoot 045","SOLUM men's body care. Product and lifestyle photography.","SOLUM Shoot","1280","1600","","","https://bysolum.co.uk/buy","SOLUM men's body care ritual kit","https://d2ni3owln6t6zz.cloudfront.net/creatives/solum-shoot-045.jpg"
"","1","3","SOLUM Shoot 046","SOLUM men's body care. Product and lifestyle photography.","SOLUM Shoot","1600","1067","","","https://bysolum.co.uk/buy","SOLUM men's body care ritual kit","https://d2ni3owln6t6zz.cloudfront.net/creatives/solum-shoot-046.jpg"
"","1","3","SOLUM Shoot 047","SOLUM men's body care. Product and lifestyle photography.","SOLUM Shoot","1280","1600","","","https://bysolum.co.uk/buy","SOLUM men's body care ritual kit","https://d2ni3owln6t6zz.cloudfront.net/creatives/solum-shoot-047.jpg"
"","1","3","SOLUM Shoot 048","SOLUM men's body care. Product and lifestyle photography.","SOLUM Shoot","1280","1600","","","https://bysolum.co.uk/buy","SOLUM men's body care ritual kit","https://d2ni3owln6t6zz.cloudfront.net/creatives/solum-shoot-048.jpg"
"","1","3","SOLUM Shoot 049","SOLUM men's body care. Product and lifestyle photography.","SOLUM Shoot","1280","1600","","","https://bysolum.co.uk/buy","SOLUM men's body care ritual kit","https://d2ni3owln6t6zz.cloudfront.net/creatives/solum-shoot-049.jpg"
"","1","3","SOLUM Shoot 050","SOLUM men's body care. Product and lifestyle photography.","SOLUM Shoot","1280","1600","","","https://bysolum.co.uk/buy","SOLUM men's body care ritual kit","https://d2ni3owln6t6zz.cloudfront.net/creatives/solum-shoot-050.jpg"
"","1","3","SOLUM Shoot 051","SOLUM men's body care. Product and lifestyle photography.","SOLUM Shoot","1280","1600","","","https://bysolum.co.uk/buy","SOLUM men's body care ritual kit","https://d2ni3owln6t6zz.cloudfront.net/creatives/solum-shoot-051.jpg"
"","1","3","SOLUM Shoot 052","SOLUM men's body care. Product and lifestyle photography.","SOLUM Shoot","1280","1600","","","https://bysolum.co.uk/buy","SOLUM men's body care ritual kit","https://d2ni3owln6t6zz.cloudfront.net/creatives/solum-shoot-052.jpg"
"","1","3","SOLUM Shoot 053","SOLUM men's body care. Product and lifestyle photography.","SOLUM Shoot","1600","1067","","","https://bysolum.co.uk/buy","SOLUM men's body care ritual kit","https://d2ni3owln6t6zz.cloudfront.net/creatives/solum-shoot-053.jpg"
"","1","3","SOLUM Shoot 054","SOLUM men's body care. Product and lifestyle photography.","SOLUM Shoot","1280","1600","","","https://bysolum.co.uk/buy","SOLUM men's body care ritual kit","https://d2ni3owln6t6zz.cloudfront.net/creatives/solum-shoot-054.jpg"
"","1","3","SOLUM Shoot 055","SOLUM men's body care. Product and lifestyle photography.","SOLUM Shoot","1600","1067","","","https://bysolum.co.uk/buy","SOLUM men's body care ritual kit","https://d2ni3owln6t6zz.cloudfront.net/creatives/solum-shoot-055.jpg"
"","1","3","SOLUM Shoot 056","SOLUM men's body care. Product and lifestyle photography.","SOLUM Shoot","1280","1600","","","https://bysolum.co.uk/buy","SOLUM men's body care ritual kit","https://d2ni3owln6t6zz.cloudfront.net/creatives/solum-shoot-056.jpg"
"","1","3","SOLUM Shoot 057","SOLUM men's body care. Product and lifestyle photography.","SOLUM Shoot","1280","1600","","","https://bysolum.co.uk/buy","SOLUM men's body care ritual kit","https://d2ni3owln6t6zz.cloudfront.net/creatives/solum-shoot-057.jpg"
"","1","3","SOLUM Shoot 058","SOLUM men's body care. Product and lifestyle photography.","SOLUM Shoot","1280","1600","","","https://bysolum.co.uk/buy","SOLUM men's body care ritual kit","https://d2ni3owln6t6zz.cloudfront.net/creatives/solum-shoot-058.jpg"
"","1","3","SOLUM Shoot 059","SOLUM men's body care. Product and lifestyle photography.","SOLUM Shoot","1280","1600","","","https://bysolum.co.uk/buy","SOLUM men's body care ritual kit","https://d2ni3owln6t6zz.cloudfront.net/creatives/solum-shoot-059.jpg"
"","1","3","SOLUM Shoot 060","SOLUM men's body care. Product and lifestyle photography.","SOLUM Shoot","1600","1067","","","https://bysolum.co.uk/buy","SOLUM men's body care ritual kit","https://d2ni3owln6t6zz.cloudfront.net/creatives/solum-shoot-060.jpg"
"","1","3","SOLUM Shoot 061","SOLUM men's body care. Product and lifestyle photography.","SOLUM Shoot","1600","1067","","","https://bysolum.co.uk/buy","SOLUM men's body care ritual kit","https://d2ni3owln6t6zz.cloudfront.net/creatives/solum-shoot-061.jpg"
"","1","3","SOLUM Shoot 062","SOLUM men's body care. Product and lifestyle photography.","SOLUM Shoot","1280","1600","","","https://bysolum.co.uk/buy","SOLUM men's body care ritual kit","https://d2ni3owln6t6zz.cloudfront.net/creatives/solum-shoot-062.jpg"
"","1","3","SOLUM Shoot 063","SOLUM men's body care. Product and lifestyle photography.","SOLUM Shoot","1280","1600","","","https://bysolum.co.uk/buy","SOLUM men's body care ritual kit","https://d2ni3owln6t6zz.cloudfront.net/creatives/solum-shoot-063.jpg"
"","1","3","SOLUM Shoot 064","SOLUM men's body care. Product and lifestyle photography.","SOLUM Shoot","1600","1067","","","https://bysolum.co.uk/buy","SOLUM men's body care ritual kit","https://d2ni3owln6t6zz.cloudfront.net/creatives/solum-shoot-064.jpg"
"","1","3","SOLUM Shoot 065","SOLUM men's body care. Product and lifestyle photography.","SOLUM Shoot","1280","1600","","","https://bysolum.co.uk/buy","SOLUM men's body care ritual kit","https://d2ni3owln6t6zz.cloudfront.net/creatives/solum-shoot-065.jpg"
"","1","3","SOLUM Shoot 066","SOLUM men's body care. Product and lifestyle photography.","SOLUM Shoot","1280","1600","","","https://bysolum.co.uk/buy","SOLUM men's body care ritual kit","https://d2ni3owln6t6zz.cloudfront.net/creatives/solum-shoot-066.jpg"
"","1","3","SOLUM Shoot 067","SOLUM men's body care. Product and lifestyle photography.","SOLUM Shoot","1280","1600","","","https://bysolum.co.uk/buy","SOLUM men's body care ritual kit","https://d2ni3owln6t6zz.cloudfront.net/creatives/solum-shoot-067.jpg"
"","1","3","SOLUM Shoot 068","SOLUM men's body care. Product and lifestyle photography.","SOLUM Shoot","1067","1600","","","https://bysolum.co.uk/buy","SOLUM men's body care ritual kit","https://d2ni3owln6t6zz.cloudfront.net/creatives/solum-shoot-068.jpg"
"","1","3","SOLUM Shoot 069","SOLUM men's body care. Product and lifestyle photography.","SOLUM Shoot","1067","1600","","","https://bysolum.co.uk/buy","SOLUM men's body care ritual kit","https://d2ni3owln6t6zz.cloudfront.net/creatives/solum-shoot-069.jpg"
"","1","3","SOLUM Shoot 070","SOLUM men's body care. Product and lifestyle photography.","SOLUM Shoot","1067","1600","","","https://bysolum.co.uk/buy","SOLUM men's body care ritual kit","https://d2ni3owln6t6zz.cloudfront.net/creatives/solum-shoot-070.jpg"
"","1","3","SOLUM Shoot 071","SOLUM men's body care. Product and lifestyle photography.","SOLUM Shoot","1067","1600","","","https://bysolum.co.uk/buy","SOLUM men's body care ritual kit","https://d2ni3owln6t6zz.cloudfront.net/creatives/solum-shoot-071.jpg"
"","1","3","SOLUM Shoot 072","SOLUM men's body care. Product and lifestyle photography.","SOLUM Shoot","1067","1600","","","https://bysolum.co.uk/buy","SOLUM men's body care ritual kit","https://d2ni3owln6t6zz.cloudfront.net/creatives/solum-shoot-072.jpg"
"","1","3","SOLUM Shoot 073","SOLUM men's body care. Product and lifestyle photography.","SOLUM Shoot","1067","1600","","","https://bysolum.co.uk/buy","SOLUM men's body care ritual kit","https://d2ni3owln6t6zz.cloudfront.net/creatives/solum-shoot-073.jpg"
"","1","3","SOLUM Shoot 074","SOLUM men's body care. Product and lifestyle photography.","SOLUM Shoot","1067","1600","","","https://bysolum.co.uk/buy","SOLUM men's body care ritual kit","https://d2ni3owln6t6zz.cloudfront.net/creatives/solum-shoot-074.jpg"
"","1","3","SOLUM Shoot 075","SOLUM men's body care. Product and lifestyle photography.","SOLUM Shoot","1067","1600","","","https://bysolum.co.uk/buy","SOLUM men's body care ritual kit","https://d2ni3owln6t6zz.cloudfront.net/creatives/solum-shoot-075.jpg"
"","1","3","SOLUM Shoot 076","SOLUM men's body care. Product and lifestyle photography.","SOLUM Shoot","1067","1600","","","https://bysolum.co.uk/buy","SOLUM men's body care ritual kit","https://d2ni3owln6t6zz.cloudfront.net/creatives/solum-shoot-076.jpg"
"","1","3","SOLUM Shoot 077","SOLUM men's body care. Product and lifestyle photography.","SOLUM Shoot","1067","1600","","","https://bysolum.co.uk/buy","SOLUM men's body care ritual kit","https://d2ni3owln6t6zz.cloudfront.net/creatives/solum-shoot-077.jpg"
"","1","3","SOLUM Shoot 078","SOLUM men's body care. Product and lifestyle photography.","SOLUM Shoot","1067","1600","","","https://bysolum.co.uk/buy","SOLUM men's body care ritual kit","https://d2ni3owln6t6zz.cloudfront.net/creatives/solum-shoot-078.jpg"
"","1","3","SOLUM Shoot 079","SOLUM men's body care. Product and lifestyle photography.","SOLUM Shoot","1067","1600","","","https://bysolum.co.uk/buy","SOLUM men's body care ritual kit","https://d2ni3owln6t6zz.cloudfront.net/creatives/solum-shoot-079.jpg"
"","1","3","SOLUM Shoot 080","SOLUM men's body care. Product and lifestyle photography.","SOLUM Shoot","1067","1600","","","https://bysolum.co.uk/buy","SOLUM men's body care ritual kit","https://d2ni3owln6t6zz.cloudfront.net/creatives/solum-shoot-080.jpg"
"","1","3","SOLUM Shoot 081","SOLUM men's body care. Product and lifestyle photography.","SOLUM Shoot","1067","1600","","","https://bysolum.co.uk/buy","SOLUM men's body care ritual kit","https://d2ni3owln6t6zz.cloudfront.net/creatives/solum-shoot-081.jpg"
"","1","3","SOLUM Shoot 082","SOLUM men's body care. Product and lifestyle photography.","SOLUM Shoot","1067","1600","","","https://bysolum.co.uk/buy","SOLUM men's body care ritual kit","https://d2ni3owln6t6zz.cloudfront.net/creatives/solum-shoot-082.jpg"
"","1","3","SOLUM Shoot 083","SOLUM men's body care. Product and lifestyle photography.","SOLUM Shoot","1067","1600","","","https://bysolum.co.uk/buy","SOLUM men's body care ritual kit","https://d2ni3owln6t6zz.cloudfront.net/creatives/solum-shoot-083.jpg"
"","1","3","SOLUM Shoot 084","SOLUM men's body care. Product and lifestyle photography.","SOLUM Shoot","1600","1067","","","https://bysolum.co.uk/buy","SOLUM men's body care ritual kit","https://d2ni3owln6t6zz.cloudfront.net/creatives/solum-shoot-084.jpg"
"","1","3","SOLUM Shoot 085","SOLUM men's body care. Product and lifestyle photography.","SOLUM Shoot","1600","1067","","","https://bysolum.co.uk/buy","SOLUM men's body care ritual kit","https://d2ni3owln6t6zz.cloudfront.net/creatives/solum-shoot-085.jpg"
"","1","3","SOLUM Shoot 086","SOLUM men's body care. Product and lifestyle photography.","SOLUM Shoot","1067","1600","","","https://bysolum.co.uk/buy","SOLUM men's body care ritual kit","https://d2ni3owln6t6zz.cloudfront.net/creatives/solum-shoot-086.jpg"
"","1","3","SOLUM Shoot 087","SOLUM men's body care. Product and lifestyle photography.","SOLUM Shoot","1067","1600","","","https://bysolum.co.uk/buy","SOLUM men's body care ritual kit","https://d2ni3owln6t6zz.cloudfront.net/creatives/solum-shoot-087.jpg"
"","1","3","SOLUM Shoot 088","SOLUM men's body care. Product and lifestyle photography.","SOLUM Shoot","1067","1600","","","https://bysolum.co.uk/buy","SOLUM men's body care ritual kit","https://d2ni3owln6t6zz.cloudfront.net/creatives/solum-shoot-088.jpg"
"","1","3","SOLUM Shoot 089","SOLUM men's body care. Product and lifestyle photography.","SOLUM Shoot","1067","1600","","","https://bysolum.co.uk/buy","SOLUM men's body care ritual kit","https://d2ni3owln6t6zz.cloudfront.net/creatives/solum-shoot-089.jpg"
"","1","3","SOLUM Shoot 090","SOLUM men's body care. Product and lifestyle photography.","SOLUM Shoot","1067","1600","","","https://bysolum.co.uk/buy","SOLUM men's body care ritual kit","https://d2ni3owln6t6zz.cloudfront.net/creatives/solum-shoot-090.jpg"
"","1","3","SOLUM Shoot 091","SOLUM men's body care. Product and lifestyle photography.","SOLUM Shoot","1067","1600","","","https://bysolum.co.uk/buy","SOLUM men's body care ritual kit","https://d2ni3owln6t6zz.cloudfront.net/creatives/solum-shoot-091.jpg"
"","1","3","SOLUM Shoot 092","SOLUM men's body care. Product and lifestyle photography.","SOLUM Shoot","1067","1600","","","https://bysolum.co.uk/buy","SOLUM men's body care ritual kit","https://d2ni3owln6t6zz.cloudfront.net/creatives/solum-shoot-092.jpg"
"","1","3","SOLUM Shoot 093","SOLUM men's body care. Product and lifestyle photography.","SOLUM Shoot","1067","1600","","","https://bysolum.co.uk/buy","SOLUM men's body care ritual kit","https://d2ni3owln6t6zz.cloudfront.net/creatives/solum-shoot-093.jpg"
"","1","3","SOLUM Shoot 094","SOLUM men's body care. Product and lifestyle photography.","SOLUM Shoot","1600","1067","","","https://bysolum.co.uk/buy","SOLUM men's body care ritual kit","https://d2ni3owln6t6zz.cloudfront.net/creatives/solum-shoot-094.jpg"
"","1","3","SOLUM Shoot 095","SOLUM men's body care. Product and lifestyle photography.","SOLUM Shoot","1600","1067","","","https://bysolum.co.uk/buy","SOLUM men's body care ritual kit","https://d2ni3owln6t6zz.cloudfront.net/creatives/solum-shoot-095.jpg"
"","1","3","SOLUM Shoot 096","SOLUM men's body care. Product and lifestyle photography.","SOLUM Shoot","1067","1600","","","https://bysolum.co.uk/buy","SOLUM men's body care ritual kit","https://d2ni3owln6t6zz.cloudfront.net/creatives/solum-shoot-096.jpg"
"","1","3","SOLUM Shoot 097","SOLUM men's body care. Product and lifestyle photography.","SOLUM Shoot","1067","1600","","","https://bysolum.co.uk/buy","SOLUM men's body care ritual kit","https://d2ni3owln6t6zz.cloudfront.net/creatives/solum-shoot-097.jpg"
"","1","3","SOLUM Shoot 098","SOLUM men's body care. Product and lifestyle photography.","SOLUM Shoot","1067","1600","","","https://bysolum.co.uk/buy","SOLUM men's body care ritual kit","https://d2ni3owln6t6zz.cloudfront.net/creatives/solum-shoot-098.jpg"
"","1","3","SOLUM Shoot 099","SOLUM men's body care. Product and lifestyle photography.","SOLUM Shoot","1067","1600","","","https://bysolum.co.uk/buy","SOLUM men's body care ritual kit","https://d2ni3owln6t6zz.cloudfront.net/creatives/solum-shoot-099.jpg"
"","1","3","SOLUM Shoot 100","SOLUM men's body care. Product and lifestyle photography.","SOLUM Shoot","1067","1600","","","https://bysolum.co.uk/buy","SOLUM men's body care ritual kit","https://d2ni3owln6t6zz.cloudfront.net/creatives/solum-shoot-100.jpg"
"","1","3","SOLUM Shoot 101","SOLUM men's body care. Product and lifestyle photography.","SOLUM Shoot","1067","1600","","","https://bysolum.co.uk/buy","SOLUM men's body care ritual kit","https://d2ni3owln6t6zz.cloudfront.net/creatives/solum-shoot-101.jpg"
"","1","3","SOLUM Shoot 102","SOLUM men's body care. Product and lifestyle photography.","SOLUM Shoot","1067","1600","","","https://bysolum.co.uk/buy","SOLUM men's body care ritual kit","https://d2ni3owln6t6zz.cloudfront.net/creatives/solum-shoot-102.jpg"
"","1","3","SOLUM Shoot 103","SOLUM men's body care. Product and lifestyle photography.","SOLUM Shoot","1067","1600","","","https://bysolum.co.uk/buy","SOLUM men's body care ritual kit","https://d2ni3owln6t6zz.cloudfront.net/creatives/solum-shoot-103.jpg"
"","1","3","SOLUM Shoot 104","SOLUM men's body care. Product and lifestyle photography.","SOLUM Shoot","1067","1600","","","https://bysolum.co.uk/buy","SOLUM men's body care ritual kit","https://d2ni3owln6t6zz.cloudfront.net/creatives/solum-shoot-104.jpg"
"","1","3","SOLUM Shoot 105","SOLUM men's body care. Product and lifestyle photography.","SOLUM Shoot","1067","1600","","","https://bysolum.co.uk/buy","SOLUM men's body care ritual kit","https://d2ni3owln6t6zz.cloudfront.net/creatives/solum-shoot-105.jpg"
"","1","3","SOLUM Shoot 106","SOLUM men's body care. Product and lifestyle photography.","SOLUM Shoot","1067","1600","","","https://bysolum.co.uk/buy","SOLUM men's body care ritual kit","https://d2ni3owln6t6zz.cloudfront.net/creatives/solum-shoot-106.jpg"
"","1","3","SOLUM Shoot 107","SOLUM men's body care. Product and lifestyle photography.","SOLUM Shoot","1067","1600","","","https://bysolum.co.uk/buy","SOLUM men's body care ritual kit","https://d2ni3owln6t6zz.cloudfront.net/creatives/solum-shoot-107.jpg"
"","1","3","SOLUM Shoot 108","SOLUM men's body care. Product and lifestyle photography.","SOLUM Shoot","1067","1600","","","https://bysolum.co.uk/buy","SOLUM men's body care ritual kit","https://d2ni3owln6t6zz.cloudfront.net/creatives/solum-shoot-108.jpg"
"","1","3","SOLUM Shoot 109","SOLUM men's body care. Product and lifestyle photography.","SOLUM Shoot","1067","1600","","","https://bysolum.co.uk/buy","SOLUM men's body care ritual kit","https://d2ni3owln6t6zz.cloudfront.net/creatives/solum-shoot-109.jpg"
"","1","3","SOLUM Shoot 110","SOLUM men's body care. Product and lifestyle photography.","SOLUM Shoot","1067","1600","","","https://bysolum.co.uk/buy","SOLUM men's body care ritual kit","https://d2ni3owln6t6zz.cloudfront.net/creatives/solum-shoot-110.jpg"
"","1","3","SOLUM Shoot 111","SOLUM men's body care. Product and lifestyle photography.","SOLUM Shoot","1067","1600","","","https://bysolum.co.uk/buy","SOLUM men's body care ritual kit","https://d2ni3owln6t6zz.cloudfront.net/creatives/solum-shoot-111.jpg"
"","1","3","SOLUM Shoot 112","SOLUM men's body care. Product and lifestyle photography.","SOLUM Shoot","1067","1600","","","https://bysolum.co.uk/buy","SOLUM men's body care ritual kit","https://d2ni3owln6t6zz.cloudfront.net/creatives/solum-shoot-112.jpg"
"","1","3","SOLUM Shoot 113","SOLUM men's body care. Product and lifestyle photography.","SOLUM Shoot","1067","1600","","","https://bysolum.co.uk/buy","SOLUM men's body care ritual kit","https://d2ni3owln6t6zz.cloudfront.net/creatives/solum-shoot-113.jpg"
"","1","3","SOLUM Shoot 114","SOLUM men's body care. Product and lifestyle photography.","SOLUM Shoot","1067","1600","","","https://bysolum.co.uk/buy","SOLUM men's body care ritual kit","https://d2ni3owln6t6zz.cloudfront.net/creatives/solum-shoot-114.jpg"
"","1","3","SOLUM Shoot 115","SOLUM men's body care. Product and lifestyle photography.","SOLUM Shoot","1067","1600","","","https://bysolum.co.uk/buy","SOLUM men's body care ritual kit","https://d2ni3owln6t6zz.cloudfront.net/creatives/solum-shoot-115.jpg"
"","1","3","SOLUM Shoot 116","SOLUM men's body care. Product and lifestyle photography.","SOLUM Shoot","1067","1600","","","https://bysolum.co.uk/buy","SOLUM men's body care ritual kit","https://d2ni3owln6t6zz.cloudfront.net/creatives/solum-shoot-116.jpg"
"","1","3","SOLUM Shoot 117","SOLUM men's body care. Product and lifestyle photography.","SOLUM Shoot","1067","1600","","","https://bysolum.co.uk/buy","SOLUM men's body care ritual kit","https://d2ni3owln6t6zz.cloudfront.net/creatives/solum-shoot-117.jpg"
"","1","3","SOLUM Shoot 118","SOLUM men's body care. Product and lifestyle photography.","SOLUM Shoot","1067","1600","","","https://bysolum.co.uk/buy","SOLUM men's body care ritual kit","https://d2ni3owln6t6zz.cloudfront.net/creatives/solum-shoot-118.jpg"
"","1","3","SOLUM Shoot 119","SOLUM men's body care. Product and lifestyle photography.","SOLUM Shoot","1067","1600","","","https://bysolum.co.uk/buy","SOLUM men's body care ritual kit","https://d2ni3owln6t6zz.cloudfront.net/creatives/solum-shoot-119.jpg"
"","1","3","SOLUM Shoot 120","SOLUM men's body care. Product and lifestyle photography.","SOLUM Shoot","1067","1600","","","https://bysolum.co.uk/buy","SOLUM men's body care ritual kit","https://d2ni3owln6t6zz.cloudfront.net/creatives/solum-shoot-120.jpg"
"","1","3","SOLUM Shoot 121","SOLUM men's body care. Product and lifestyle photography.","SOLUM Shoot","1067","1600","","","https://bysolum.co.uk/buy","SOLUM men's body care ritual kit","https://d2ni3owln6t6zz.cloudfront.net/creatives/solum-shoot-121.jpg"
"","1","3","SOLUM Shoot 122","SOLUM men's body care. Product and lifestyle photography.","SOLUM Shoot","1067","1600","","","https://bysolum.co.uk/buy","SOLUM men's body care ritual kit","https://d2ni3owln6t6zz.cloudfront.net/creatives/solum-shoot-122.jpg"
"","1","3","SOLUM Shoot 123","SOLUM men's body care. Product and lifestyle photography.","SOLUM Shoot","1067","1600","","","https://bysolum.co.uk/buy","SOLUM men's body care ritual kit","https://d2ni3owln6t6zz.cloudfront.net/creatives/solum-shoot-123.jpg"
"","1","3","SOLUM Shoot 124","SOLUM men's body care. Product and lifestyle photography.","SOLUM Shoot","1067","1600","","","https://bysolum.co.uk/buy","SOLUM men's body care ritual kit","https://d2ni3owln6t6zz.cloudfront.net/creatives/solum-shoot-124.jpg"
"","1","3","SOLUM Shoot 125","SOLUM men's body care. Product and lifestyle photography.","SOLUM Shoot","1067","1600","","","https://bysolum.co.uk/buy","SOLUM men's body care ritual kit","https://d2ni3owln6t6zz.cloudfront.net/creatives/solum-shoot-125.jpg"
"","1","3","SOLUM Shoot 126","SOLUM men's body care. Product and lifestyle photography.","SOLUM Shoot","1067","1600","","","https://bysolum.co.uk/buy","SOLUM men's body care ritual kit","https://d2ni3owln6t6zz.cloudfront.net/creatives/solum-shoot-126.jpg"
"","1","3","SOLUM Shoot 127","SOLUM men's body care. Product and lifestyle photography.","SOLUM Shoot","1067","1600","","","https://bysolum.co.uk/buy","SOLUM men's body care ritual kit","https://d2ni3owln6t6zz.cloudfront.net/creatives/solum-shoot-127.jpg"
"","1","3","SOLUM Shoot 128","SOLUM men's body care. Product and lifestyle photography.","SOLUM Shoot","1067","1600","","","https://bysolum.co.uk/buy","SOLUM men's body care ritual kit","https://d2ni3owln6t6zz.cloudfront.net/creatives/solum-shoot-128.jpg"
"","1","3","SOLUM Shoot 129","SOLUM men's body care. Product and lifestyle photography.","SOLUM Shoot","1067","1600","","","https://bysolum.co.uk/buy","SOLUM men's body care ritual kit","https://d2ni3owln6t6zz.cloudfront.net/creatives/solum-shoot-129.jpg"
"","1","3","SOLUM Shoot 130","SOLUM men's body care. Product and lifestyle photography.","SOLUM Shoot","1067","1600","","","https://bysolum.co.uk/buy","SOLUM men's body care ritual kit","https://d2ni3owln6t6zz.cloudfront.net/creatives/solum-shoot-130.jpg"
"","1","3","SOLUM Shoot 131","SOLUM men's body care. Product and lifestyle photography.","SOLUM Shoot","1067","1600","","","https://bysolum.co.uk/buy","SOLUM men's body care ritual kit","https://d2ni3owln6t6zz.cloudfront.net/creatives/solum-shoot-131.jpg"
"","1","3","SOLUM Shoot 132","SOLUM men's body care. Product and lifestyle photography.","SOLUM Shoot","1067","1600","","","https://bysolum.co.uk/buy","SOLUM men's body care ritual kit","https://d2ni3owln6t6zz.cloudfront.net/creatives/solum-shoot-132.jpg"
"","1","3","SOLUM Shoot 133","SOLUM men's body care. Product and lifestyle photography.","SOLUM Shoot","1067","1600","","","https://bysolum.co.uk/buy","SOLUM men's body care ritual kit","https://d2ni3owln6t6zz.cloudfront.net/creatives/solum-shoot-133.jpg"
"","1","3","SOLUM Shoot 134","SOLUM men's body care. Product and lifestyle photography.","SOLUM Shoot","1067","1600","","","https://bysolum.co.uk/buy","SOLUM men's body care ritual kit","https://d2ni3owln6t6zz.cloudfront.net/creatives/solum-shoot-134.jpg"
"","1","3","SOLUM Shoot 135","SOLUM men's body care. Product and lifestyle photography.","SOLUM Shoot","1067","1600","","","https://bysolum.co.uk/buy","SOLUM men's body care ritual kit","https://d2ni3owln6t6zz.cloudfront.net/creatives/solum-shoot-135.jpg"
"","1","3","SOLUM Shoot 136","SOLUM men's body care. Product and lifestyle photography.","SOLUM Shoot","1067","1600","","","https://bysolum.co.uk/buy","SOLUM men's body care ritual kit","https://d2ni3owln6t6zz.cloudfront.net/creatives/solum-shoot-136.jpg"
"","1","3","SOLUM Shoot 137","SOLUM men's body care. Product and lifestyle photography.","SOLUM Shoot","1067","1600","","","https://bysolum.co.uk/buy","SOLUM men's body care ritual kit","https://d2ni3owln6t6zz.cloudfront.net/creatives/solum-shoot-137.jpg"
"","1","3","SOLUM Shoot 138","SOLUM men's body care. Product and lifestyle photography.","SOLUM Shoot","1067","1600","","","https://bysolum.co.uk/buy","SOLUM men's body care ritual kit","https://d2ni3owln6t6zz.cloudfront.net/creatives/solum-shoot-138.jpg"
"","1","3","SOLUM Shoot 139","SOLUM men's body care. Product and lifestyle photography.","SOLUM Shoot","1067","1600","","","https://bysolum.co.uk/buy","SOLUM men's body care ritual kit","https://d2ni3owln6t6zz.cloudfront.net/creatives/solum-shoot-139.jpg"
"","1","3","SOLUM Shoot 140","SOLUM men's body care. Product and lifestyle photography.","SOLUM Shoot","1067","1600","","","https://bysolum.co.uk/buy","SOLUM men's body care ritual kit","https://d2ni3owln6t6zz.cloudfront.net/creatives/solum-shoot-140.jpg"
"","1","3","SOLUM Shoot 141","SOLUM men's body care. Product and lifestyle photography.","SOLUM Shoot","1067","1600","","","https://bysolum.co.uk/buy","SOLUM men's body care ritual kit","https://d2ni3owln6t6zz.cloudfront.net/creatives/solum-shoot-141.jpg"
"","1","3","SOLUM Shoot 142","SOLUM men's body care. Product and lifestyle photography.","SOLUM Shoot","1067","1600","","","https://bysolum.co.uk/buy","SOLUM men's body care ritual kit","https://d2ni3owln6t6zz.cloudfront.net/creatives/solum-shoot-142.jpg"
"","1","3","SOLUM Shoot 143","SOLUM men's body care. Product and lifestyle photography.","SOLUM Shoot","1067","1600","","","https://bysolum.co.uk/buy","SOLUM men's body care ritual kit","https://d2ni3owln6t6zz.cloudfront.net/creatives/solum-shoot-143.jpg"
"","1","3","SOLUM Shoot 144","SOLUM men's body care. Product and lifestyle photography.","SOLUM Shoot","1067","1600","","","https://bysolum.co.uk/buy","SOLUM men's body care ritual kit","https://d2ni3owln6t6zz.cloudfront.net/creatives/solum-shoot-144.jpg"
"","1","3","SOLUM Shoot 145","SOLUM men's body care. Product and lifestyle photography.","SOLUM Shoot","1067","1600","","","https://bysolum.co.uk/buy","SOLUM men's body care ritual kit","https://d2ni3owln6t6zz.cloudfront.net/creatives/solum-shoot-145.jpg"
"","1","3","SOLUM Shoot 146","SOLUM men's body care. Product and lifestyle photography.","SOLUM Shoot","1067","1600","","","https://bysolum.co.uk/buy","SOLUM men's body care ritual kit","https://d2ni3owln6t6zz.cloudfront.net/creatives/solum-shoot-146.jpg"
"","1","3","SOLUM Shoot 147","SOLUM men's body care. Product and lifestyle photography.","SOLUM Shoot","1067","1600","","","https://bysolum.co.uk/buy","SOLUM men's body care ritual kit","https://d2ni3owln6t6zz.cloudfront.net/creatives/solum-shoot-147.jpg"
"","1","3","SOLUM Shoot 148","SOLUM men's body care. Product and lifestyle photography.","SOLUM Shoot","1067","1600","","","https://bysolum.co.uk/buy","SOLUM men's body care ritual kit","https://d2ni3owln6t6zz.cloudfront.net/creatives/solum-shoot-148.jpg"
"","1","3","SOLUM Shoot 149","SOLUM men's body care. Product and lifestyle photography.","SOLUM Shoot","1067","1600","","","https://bysolum.co.uk/buy","SOLUM men's body care ritual kit","https://d2ni3owln6t6zz.cloudfront.net/creatives/solum-shoot-149.jpg"
